[
  {
    "value": "diversion",
    "synonyms": [
      "diversion",
      "desmadre",
      "noche",
      "nocturno",
      "antro",
      "alcohol",
      "bar",
      "baile"
    ]
  },
  {
    "value": "comida",
    "synonyms": [
      "comida",
      "comer",
      "alimento",
      "sustento"
    ]
  },
  {
    "value": "entretenimiento",
    "synonyms": [
      "entretenimiento",
      "musica",
      "concierto",
      "social"
    ]
  },
  {
    "value": "cultura",
    "synonyms": [
      "cultura",
      "cultural",
      "teatro",
      "arte",
      "instrumental",
      "artistica",
      "artistico",
      "fotografia"
    ]
  },
  {
    "value": "naturaleza",
    "synonyms": [
      "naturaleza",
      "paseos",
      "caminatas",
      "caballos",
      "paisajes"
    ]
  }
]