[
  {
    "id": "fff3e91e-5fd3-48a7-9ad7-1eb040959232",
    "data": [
      {
        "text": "que onda?",
        "userDefined": false
      }
    ],
    "isTemplate": false,
    "count": 0,
    "updated": 1528574012
  },
  {
    "id": "85e2bc8e-f5e5-4a3e-b760-3795af48d5dc",
    "data": [
      {
        "text": "que haces?",
        "userDefined": false
      }
    ],
    "isTemplate": false,
    "count": 0,
    "updated": 1528574012
  },
  {
    "id": "7adf379d-2180-441a-a584-88373d89269e",
    "data": [
      {
        "text": "Que tal?",
        "userDefined": false
      }
    ],
    "isTemplate": false,
    "count": 0,
    "updated": 1528574012
  },
  {
    "id": "dd2336d6-6761-4cc1-9a1b-9c95cd6307e5",
    "data": [
      {
        "text": "hola",
        "userDefined": false
      }
    ],
    "isTemplate": false,
    "count": 0,
    "updated": 1528574012
  }
]